gene	drug	regulatory approval	indication	interaction score
GABRP	ESTAZOLAM	Approved	Anti-anxiety Agents; Anticonvulsants	0.08511488895470468
GABRP	ALPRAZOLAM	Approved	hypnotic,sedative,anxiolytic	0.0575777189987708
GABRP	BUTABARBITAL SODIUM	Approved	""	0.04078421762412932
GABRP	LORAZEPAM	Approved	Anti-anxiety Agents; Anticonvulsants; Hypnotics and Sedatives	0.07830569783832829
GABRP	CLORAZEPATE	Approved	Hypnotics and Sedatives	0.06525474819860691
GABRP	METHAQUALONE	Approved	""	0.04078421762412932
GABRP	TRIAZOLAM	Approved	sedative,analgesic	0.05932249836236993
GABRP	ENFLURANE	Approved	Inhalation,Anesthetics	0.02104991877374416
GABRP	THIOPENTAL SODIUM	Approved	""	0.03838514599918054
GABRP	HALAZEPAM	Approved	Anti-anxiety Agents; Muscle Relaxants; Sedative	0.09788212229791037
GABRP	BROMAZEPAM	Approved	Hypnotics and Sedatives	0.06214737923676848
GABRP	CLONAZEPAM	Approved	anticonvulsant	0.07830569783832829
GABRP	METHOXYFLURANE	Approved	Inhalation,Anesthetics	0.02966124918118496
GABRP	VENLAFAXINE	Approved	antidepressant	0.1087579136643448
GABRP	EVT 201	Not Approved	hypnotic	0.03434460431505627
GABRP	CHLORMETHIAZOLE	Approved	""	0.03262737409930345
GABRP	CHLORDIAZEPOXIDE	Approved	Hypnotics and Sedatives	0.09322106885515272
GABRP	ETHCHLORVYNOL	Approved	""	0.04078421762412932
GABRP	THIAMYLAL SODIUM	Approved	""	0.03838514599918054
GABRP	PADSEVONIL	Not Approved	""	0.03434460431505627
GABRP	FLURAZEPAM HYDROCHLORIDE	Approved	""	0.04078421762412932
GABRP	REMIMAZOLAM	Approved	sedative	0.03434460431505627
GABRP	FLUDIAZEPAM	Not Approved	Anti-anxiety Agents; Anticonvulsants	0.07677029199836108
GABRP	HALOTHANE	Approved	Inhalation,Anesthetics	0.01812631894405747
GABRP	FLUNITRAZEPAM	Approved	Hypnotics and Sedatives	0.02966124918118496
GABRP	MEPROBAMATE	Approved	Anticonvulsants; Hypnotics and Sedatives	0.03625263788811495
GABRP	ETOMIDATE	Approved	Intravenous,Anesthetics	0.1151554379975416
GABRP	CLORAZEPATE DIPOTASSIUM	Approved	""	0.04078421762412932
GABRP	DIAZEPAM	Approved	anticonvulsant	0.06750491192959335
GABRP	TRICLOFOS SODIUM	Approved	""	0.04078421762412932
GABRP	SEVOFLURANE	Approved	Inhalation,Anesthetics	0.01763641843205592
GABRP	PENTOBARBITAL SODIUM	Approved	Hypnotics and Sedatives	0.03262737409930345
GABRP	ESZOPICLONE	Approved	anxiolytic,hypnotic	0.03625263788811495
GABRP	BUTALBITAL	Approved	Analgesics	0.03262737409930345
GABRP	GLUTETHIMIDE	Approved	""	0.03838514599918054
GABRP	ABP-700	Not Approved	""	0.04078421762412932
GABRP	ZURANOLONE	Approved	""	0.04078421762412932
GABRP	TETRAZEPAM	Approved	""	0.04078421762412932
GABRP	CIPEPOFOL	Not Approved	""	0.04078421762412932
GABRP	LOREDIPLON	Not Approved	""	0.04078421762412932
GABRP	ETIFOXINE	Not Approved	""	0.04078421762412932
GABRP	ADIPIPLON	Not Approved	""	0.04078421762412932
GABRP	GABOXADOL	Not Approved	hypnotic	0.02837162965156822
GABRP	SECOBARBITAL SODIUM	Approved	""	0.04078421762412932
GABRP	FLURAZEPAM	Approved	Hypnotics and Sedatives	0.06214737923676848
GABRP	METHARBITAL	Approved	Anticonvulsants	0.03262737409930345
GABRP	REMIMAZOLAM BESYLATE	Approved	""	0.04078421762412932
GABRP	METHAQUALONE HYDROCHLORIDE	Approved	""	0.04078421762412932
GABRP	ADIPIPLON	Not Approved	hypnotic	0.03434460431505627
GABRP	DESFLURANE	Approved	inhalation anesthetics	0.02175158273286897
GABRP	METHYPRYLON	Approved	Hypnotics and Sedatives	0.04078421762412932
GABRP	RESEQUINIL	Not Approved	""	0.04078421762412932
GABRP	METHOHEXITAL SODIUM	Approved	""	0.04078421762412932
GABRP	ACAMPROSATE CALCIUM	Approved	antineoplastic agent,for treatment of alcohol-dependance	0.02610189927944276
GABRP	PAGOCLONE	Not Approved	for treatment of persistant stuttering,for treatment of premature ejaculation	0.04078421762412932
GABRP	PRIMIDONE	Approved	Anticonvulsants	0.01864421377103054
GABRP	[3H]AZIETOMIDATE	Not Approved	""	0.08156843524825864
GABRP	PRAZEPAM	Approved	Anti-anxiety Agents; Hypnotics and Sedatives	0.08898374754355488
GABRP	CLOTIAZEPAM	Approved	Hypnotics and Sedatives	0.09788212229791037
GABRP	MIDAZOLAM HYDROCHLORIDE	Approved	Anesthesia; Hypnotics and Sedatives,Adjuvants	0.05437895683217243
GABRP	TEMAZEPAM	Approved	Hypnotics and Sedatives	0.08898374754355488
GABRP	OCINAPLON	Not Approved	anxiolytic	0.02966124918118496
GABRP	CENOBAMATE	Approved	""	0.02330526721378818
GABRP	GANAXOLONE	Approved	anticonvulsant	0.03625263788811495
GABRP	OXAZEPAM	Approved	Hypnotics and Sedatives	0.07529394022916183
GABRP	PROPOFOL	Approved	sedative	0.02104991877374416
GABRP	IMEPITOIN	Not Approved	""	0.04078421762412932
GABRP	CINOLAZEPAM	Not Approved	Hypnotics and Sedatives	0.07677029199836108
GABRP	TALBUTAL	Approved	Analgesics	0.03262737409930345
GABRP	DARIGABAT	Not Approved	""	0.04078421762412932
GABRP	FLUMAZENIL	Approved	Benzodoazepine Overdose,Antidotes	0.02718947841608621
GABRP	ADINAZOLAM	Not Approved	Anti-anxiety Agents; anticonvulsant	0.07677029199836108
GABRP	CHLORDIAZEPOXIDE HYDROCHLORIDE	Approved	""	0.04078421762412932
GABRP	TOPIRAMATE	Approved	Anticonvulsants; anti-migraine agents,antimigraine agent,anticonvulsant	0.01483062459059248
GABRP	ISOFLURANE	Approved	Inhalation,Anesthetics	0.02104991877374416
GABRP	CLOBAZAM	Approved	anticonvulsant,anxiolytic	0.08898374754355488
GABRP	ANTIDEPRESSANT AGENT	Not Approved	""	0.02509798007638727
GABRP	BREXANOLONE	Approved	""	0.03107368961838424
GABRP	NITRAZEPAM	Not Approved	Anticonvulsants; Hypnotics and Sedatives	0.06214737923676848
GABRP	QUAZEPAM	Approved	Hypnotics and Sedatives	0.09788212229791037
BBOX1	EBSELEN	Not Approved	""	0.9943580677882958
BBOX1	BENZENE SELENOIC ACID	Not Approved	""	34.80253237259035
BBOX1	THIRAM	Not Approved	""	1.513153581416972
NTRK2	CYCLOSPORINE	Approved	immunosuppressant,opthalmological agent	0.02449157802434226
NTRK2	CLOZAPINE	Approved	Antipsychotic Agents	0.02196667307337914
NTRK2	DIETHYLDITHIOCARBAMATE	Not Approved	""	0.3043953268739681
NTRK2	CENEGERMIN	Approved	""	0.2663459110147221
NTRK2	LINIFANIB	Not Approved	antineoplastic agent	0.0133172955507361
NTRK2	DORAMAPIMOD	Not Approved	""	0.04632102800256037
NTRK2	AZD-6918	Not Approved	""	0.3551278813529628
NTRK2	ENTRECTINIB	Approved	""	0.1121456467430408
NTRK2	TAMATINIB	Not Approved	""	0.01315288449455417
NTRK2	PD-0166285	Not Approved	""	0.02048814700113247
NTRK2	SORAFENIB	Approved	antineoplastic agent	0.009264205600512073
NTRK2	LITHIUM	Approved	""	0.05073255447899468
NTRK2	REPOTRECTINIB	Approved	""	0.07609883171849204
NTRK2	CRIZOTINIB	Approved	antineoplastic agent	0.04261534576235553
NTRK2	DOXORUBICIN HYDROCHLORIDE	Approved	antineoplastic agent	0.01439707627106606
NTRK2	UTATRECTINIB	Not Approved	""	0.2663459110147221
NTRK2	GW-2580	Not Approved	""	0.133172955507361
NTRK2	CHEMBL:CHEMBL546797	Not Approved	""	0.03329323887684026
NTRK2	CORTICOTROPIN	Approved	Diagnostic Agents	0.2663459110147221
NTRK2	CISPLATIN	Approved	""	0.01449501556542705
NTRK2	ZM447439	Not Approved	""	0.05607282337152044
NTRK2	PLX-7486	Not Approved	""	0.2663459110147221
NTRK2	METHADONE HYDROCHLORIDE	Approved	Opioid; Antitussive Agents,Analgesics	0.06266962612111109
NTRK2	AST-487	Not Approved	""	0.02598496692826557
NTRK2	SB202190	Not Approved	""	0.0295939901127469
NTRK2	BMS-754807	Not Approved	antineoplastic agent	0.2367519209019752
NTRK2	PILOCARPINE HYDROCHLORIDE	Approved	for treatment of incontinence	0.1121456467430408
NTRK2	HESPERADIN	Not Approved	""	0.02663459110147221
NTRK2	LESTAURTINIB	Not Approved	antineoplastic agent	0.1775639406764814
NTRK2	TALETRECTINIB	Not Approved	""	0.1065383644058888
NTRK2	CEP-2563 DIHYDROCHLORIDE	Not Approved	""	0.06266962612111109
NTRK2	GAMBOGIC AMIDE	Not Approved	""	0.3551278813529628
NTRK2	LAUROGUADINE	Not Approved	""	0.03804941585924602
NTRK2	PF-562271	Not Approved	""	0.009864663370915634
NTRK2	CENISERTIB	Not Approved	antineoplastic agent	0.009028674949651597
NTRK2	JNJ-7706621	Not Approved	""	0.01937061171016161
NTRK2	ALTIRATINIB	Not Approved	""	0.1065383644058888
NTRK2	ALISERTIB	Not Approved	antineoplastic agent	0.02219549258456017
NTRK2	TOZASERTIB	Not Approved	antineoplastic agent	0.01459429649395737
NTRK2	DOVITINIB	Not Approved	antineoplastic agent	0.01054835291147414
NTRK2	RG-1530	Not Approved	""	0.01133386855381796
NTRK2	SP-600125	Not Approved	""	0.0119706027422347
NTRK2	MK-2461	Not Approved	""	0.04439098516912035
NTRK2	LAROTRECTINIB SULFATE	Approved	""	0.3551278813529628
NTRK2	GW441756X	Not Approved	""	0.01639051760090597
NTRK2	LAROTRECTINIB	Approved	""	1.33172955507361
NTRK2	ILORASERTIB	Not Approved	""	0.009184341759128347
NTRK2	SELITRECTINIB	Not Approved	""	0.3551278813529628
NTRK2	SNS-314	Not Approved	antineoplastic agent	0.02536627723949734
FN1	ONFEKAFUSP ALFA	Not Approved	""	4.015676812221964
FN1	COMPOUND 28 [PMID: 16460935]	Not Approved	""	4.015676812221964
FN1	L19TNFA	Not Approved	""	4.015676812221964
FN1	RADRETUMAB	Not Approved	""	4.015676812221964
FN1	DAROMUN	Not Approved	""	4.015676812221964
FN1	SUTIMLIMAB	Not Approved	""	4.015676812221964
FN1	MU-BC-1	Not Approved	""	4.015676812221964
FN1	L19IL2	Not Approved	""	8.031353624443929
FN1	AS-1409	Not Approved	""	4.015676812221964
FN1	DACARBAZINE	Approved	Antineoplastic Agents	0.2677117874814643
FN1	OCRIPLASMIN	Approved	""	0.211351411169577
FN1	L19SIP 131I	Not Approved	""	4.015676812221964
FN1	AS1409	Not Approved	antineoplastic agent	1.338558937407321
ESR1	ESTRIOL	Approved	Hormone Replacement Agents	0.2416842525874329
ESR1	ERIBULIN MESYLATE	Approved	""	0.02014035438228608
ESR1	DIETHYLSTILBESTROL DIPHOSPHATE	Approved	""	0.08056141752914434
ESR1	EVEROLIMUS	Approved	immunosuppressant	0.02132508111065585
ESR1	FULVESTRANT	Approved	antineoplastic agent	0.1933474020699463
ESR1	ESTROGENS, ESTERIFIED (USP)	Approved	""	0.2416842525874329
ESR1	LETROZOLE	Approved	antineoplastic agent	0.05370761168609622
ESR1	SYNTHETIC CONJUGATED ESTROGENS, B	Approved	""	0.1208421262937164
ESR1	SELECTIVE ESTROGEN RECEPTOR MODULATOR CC-8490	Not Approved	""	0.2416842525874329
ESR1	CHEMBL:CHEMBL1091137	Not Approved	""	0.4833685051748659
ESR1	ALOE-EMODIN	Not Approved	""	0.06042106314685824
ESR1	ESTROGENS, CONJUGATED (USP)	Approved	Hormone Replacement Agents	0.1342690292152405
ESR1	BORIC ACID	Approved	""	0.2416842525874329
ESR1	ETONOGESTREL	Approved	contraceptive	0.09667370103497319
ESR1	FENRETINIDE	Approved	antineoplastic agent	0.00895126861434937
ESR1	LASOFOXIFENE TARTRATE	Approved	""	0.1208421262937164
ESR1	ESTRADIOL VALERATE	Approved	for treatment of menopausal symptoms,contraceptive,treatment for menopause,hormone replacement	0.06170661768189779
ESR1	GESTRINONE	Not Approved	""	0.1208421262937164
ESR1	AFIMOXIFENE	Not Approved	""	0.08631580449551178
ESR1	TESTOSTERONE	Approved	for treatment of female sexual dysfunction,hormone replacement	0.01239406423525297
ESR1	ESTRONE	Approved	Hormone Replacement Agents	0.1098564784488331
ESR1	ETHYLENEDIAMINE	Approved	""	0.2416842525874329
ESR1	DIETHYLSTILBESTROL	Approved	Hormone Replacement Agents	0.04394259137953327
ESR1	DROLOXIFENE	Not Approved	""	0.04028070876457217
ESR1	BAZEDOXIFENE ACETATE	Approved	""	0.08056141752914434
ESR1	DANAZOL	Approved	Antineoplastic Agent,Antiendometriosis Agent	0.06042106314685824
ESR1	MESTRANOL	Approved	Oral,Contraceptives	0.1074152233721924
ESR1	ESTRADIOL CYPIONATE	Approved	""	0.2416842525874329
ESR1	TAMOXIFEN	Approved	Hormonal,Antineoplastic Agents	0.05577328905863838
ESR1	PHENYLALANINE	Approved	""	0.06042106314685824
ESR1	PALBOCICLIB	Approved	""	0.01895562765391631
ESR1	POLYESTRADIOL PHOSPHATE	Approved	""	0.08056141752914434
ESR1	GW7647	Not Approved	""	0.008056141752914433
ESR1	ALPELISIB	Approved	""	0.01342690292152405
ESR1	ETHYNODIOL DIACETATE	Approved	Synthetic,Oral,Contraceptives	0.1208421262937164
ESR1	QUINESTROL	Approved	Hormone Replacement Agents	0.1933474020699463
ESR1	OCHRATOXIN A	Not Approved	""	0.02685380584304811
ESR1	SELECTIVE ESTROGEN RECEPTOR DEGRADER AZD9496	Not Approved	""	0.4833685051748659
ESR1	TRIPHENYLSTANNANOL	Not Approved	""	0.04833685051748659
ESR1	ELACESTRANT	Approved	for treatment of postmenopausal symptoms	0.6042106314685826
ESR1	RALOXIFEN	Approved	for treatment of menopausal symptoms	0.1208421262937164
ESR1	ENCLOMIPHENE	Not Approved	""	0.04833685051748659
ESR1	PROPACHLOR	Not Approved	""	0.03452632179820471
ESR1	LASOFOXIFENE	Approved	hormone replacement therapy,antiosteoporotic agent	0.2416842525874329
ESR1	4-TRIETHYLGERMYLPHENOL	Not Approved	""	0.4833685051748659
ESR1	GOSERELIN ACETATE	Approved	Hormonal,Antineoplastic Agents	0.05370761168609622
ESR1	GTX-758	Not Approved	antineoplastic agent	0.2416842525874329
ESR1	HYDRAMETHYLNON	Not Approved	""	0.06042106314685824
ESR1	MEGESTROL	Approved	Hormonal; Contraceptives,Antineoplastic Agents	0.2416842525874329
ESR1	ICARITIN	Not Approved	""	0.2416842525874329
ESR1	PYROGALLOL	Approved	""	0.01611228350582886
ESR1	13-CIS-RETINAL	Not Approved	""	0.06042106314685824
ESR1	CLOMIPHENE	Approved	for treatment of testosterone deficiency	0.1812631894405747
ESR1	PHENAZOPYRIDINE HYDROCHLORIDE	Approved	""	0.01510526578671456
ESR1	ESTROPIPATE	Approved	""	0.1611228350582886
ESR1	TOREMIFENE	Approved	SERM,antineoplastic agent	0.1115465781172767
ESR1	ARZOXIFENE	Not Approved	antiosteoporotic agent,antineoplastic agent	0.3625263788811494
ESR1	TRASTUZUMAB	Approved	antineoplastic agent	0.01790253722869874
ESR1	DESOGESTREL	Approved	Oral,Contraceptives	0.1208421262937164
ESR1	ALL-TRANS-RETINAL	Not Approved	""	0.03452632179820471
ESR1	IDOXIFENE	Not Approved	""	0.06042106314685824
ESR1	OLAPARIB	Approved	""	0.0105080109820623
ESR1	SYNTHETIC CONJUGATED ESTROGENS, A	Not Approved	""	0.06042106314685824
ESR1	DIENESTROL	Approved	Hormone Replacement Agents	0.1726316089910235
ESR1	ORTHOTOLIDINE	Not Approved	""	0.06042106314685824
ESR1	PERTUZUMAB	Approved	antineoplastic agent	0.06042106314685824
ESR1	ABEMACICLIB	Approved	""	0.03816067146117363
ESR1	ANASTROZOLE	Approved	antineoplastic agent	0.05577328905863839
ESR1	CHEMBL:CHEMBL1523215	Not Approved	""	0.06042106314685824
ESR1	ENDOSULFAN	Not Approved	""	0.04833685051748659
ESR1	CHEMBL:CHEMBL2313444	Not Approved	""	0.4833685051748659
ESR1	PROTOAPIGENONE	Not Approved	""	0.03452632179820471
ESR1	ACETOCHLOR	Not Approved	""	0.04833685051748659
ESR1	LEFLUNOMIDE	Approved	Antirheumatic Agents	0.04028070876457217
ESR1	PROMESTRIENE	Not Approved	""	0.2416842525874329
ESR1	PROPYLPARABEN	Approved	""	0.04833685051748659
ESR1	MITOTANE	Approved	""	0.02685380584304811
ESR1	NORGESTIMATE	Approved	Synthetic,Oral,Contraceptives	0.09667370103497319
ESR1	STANOLONE	Not Approved	""	0.04028070876457217
ESR1	OSPEMIFENE	Approved	for treatment of postmenopausal vaginal atrophy	0.1450105515524598
ESR1	CHEMBL:CHEMBL384441	Not Approved	""	0.2416842525874329
ESR1	ZEARALENONE	Not Approved	""	0.01859109635287946
ESR1	RIBOCICLIB	Approved	antineoplastic agent	0.02685380584304811
ESR1	METHAMPHETAMINE	Approved	neuroprotectant	0.02014035438228608
ESR1	BENZETHONIUM CHLORIDE	Approved	""	0.01510526578671456
ESR1	CHEMBL:CHEMBL2071180	Not Approved	""	0.4833685051748659
ESR1	BITHIONOL	Approved	""	0.01007017719114304
ESR1	IXABEPILONE	Approved	antineoplastic agent	0.02197129568976663
ESR1	TRIADIMEFON	Not Approved	""	0.1208421262937164
ESR1	TAMOXIFEN CITRATE	Approved	""	0.02544044764078241
ESR1	KAEMPHEROL	Not Approved	""	0.01342690292152405
ESR1	METHYLISOTHIOCYANATE	Not Approved	""	0.2416842525874329
ESR1	COUMESTROL	Not Approved	""	0.02416842525874329
ESR1	PHENYLMERCURIC ACETATE	Not Approved	""	0.01208421262937164
ESR1	FAM-TRASTUZUMAB DERUXTECAN-NXKI	Approved	""	0.06042106314685824
ESR1	FISPEMIFENE	Not Approved	hormone replacement	0.2416842525874329
ESR1	GOSSYPOL	Not Approved	""	0.005035088595571521
ESR1	LEVONORGESTREL	Approved	for treatment of menopausal symptoms,contraceptive	0.06905264359640943
ESR1	ALLYLESTRENOL	Approved	""	0.08056141752914434
ESR1	ICI-164384	Not Approved	""	0.2416842525874329
ESR1	4-NONYLPHENOL	Not Approved	""	0.04833685051748659
ESR1	HORMONE THERAPY AGENT	Not Approved	""	0.2416842525874329
ESR1	CETRIMONIUM BROMIDE	Approved	""	0.04833685051748659
ESR1	NERATINIB	Approved	antineoplastic agent	0.03222456701165773
ESR1	MK-6913	Not Approved	for treatment of menopausal symptoms	0.2416842525874329
ESR1	PYRITHIONE ZINC	Approved	""	0.01342690292152405
ESR1	LAPATINIB	Approved	antineoplastic agent	0.01559253242499567
ESR1	GUTHION	Not Approved	""	0.02014035438228608
ESR1	COMPOUND 17D [PMID: 23099093]	Not Approved	""	0.06042106314685824
ESR1	MONOETHANOLAMINE	Not Approved	""	0.2416842525874329
ESR1	CAMIZESTRANT	Not Approved	""	0.1208421262937164
ESR1	PUERARIN	Not Approved	""	0.1611228350582886
ESR1	PENTABROMOPHENOL	Not Approved	""	0.01859109635287946
ESR1	GIREDESTRANT	Not Approved	""	0.2416842525874329
ESR1	ALFADEX	Not Approved	""	0.2416842525874329
ESR1	METHIOCARB	Not Approved	""	0.1208421262937164
ESR1	FOSFESTROL	Not Approved	""	0.2416842525874329
ESR1	ELACESTRANT HYDROCHLORIDE	Approved	""	0.2416842525874329
ESR1	CAPIVASERTIB	Approved	""	0.02416842525874329
ESR1	N-PROPYL BROMIDE	Not Approved	""	0.2416842525874329
ESR1	SIVIFENE	Not Approved	antineoplastic agent	0.1208421262937164
ESR1	SACITUZUMAB GOVITECAN	Approved	""	0.02685380584304811
ESR1	TESTOSTERONE PROPIONATE	Approved	""	0.03021053157342912
ESR1	ACRYLAMIDE	Approved	""	0.2416842525874329
ESR1	HEXACHLOROPHENE	Approved	""	0.00589473786798617
ESR1	ARSANILIC ACID	Not Approved	""	0.1208421262937164
ESR1	CHEMBL:CHEMBL503990	Not Approved	""	0.1208421262937164
ESR1	ALACHLOR	Not Approved	""	0.08056141752914434
ESR1	ACOLBIFENE	Not Approved	""	0.2416842525874329
ESR1	CISPLATIN	Approved	""	0.003288221123638544
ESR1	DICHLOROPHEN	Not Approved	""	0.01342690292152405
ESR1	CHF4227	Not Approved	""	0.1208421262937164
ESR1	CHEMBL:CHEMBL259327	Not Approved	""	0.08056141752914434
ESR1	NORELGESTROMIN	Approved	contraceptive	0.08056141752914434
ESR1	RESVERATROL	Approved	antineoplastic agent,antidiabetic,for treatment of herpes simplex virus 1	0.004932331685457816
ESR1	IODINE	Approved	for treatment of fibrocystic breast disease (FBD)	0.2416842525874329
ESR1	PCC0208017	Not Approved	""	0.1208421262937164
ESR1	SELECTIVE ESTROGEN RECEPTOR COVALENT ANTAGONIST H3B-6545	Not Approved	""	0.2416842525874329
ESR1	PHENOLPHTHALEIN	Approved	""	0.03021053157342912
ESR1	CHOLECALCIFEROL	Approved	""	0.02014035438228608
ESR1	KEPONE	Not Approved	""	0.02014035438228608
ESR1	CYCLOFENIL	Approved	""	0.1208421262937164
ESR1	MEDROXYPROGESTERONE	Approved	""	0.06905264359640943
ESR1	DIETHYLSTILBESTROL DIPROPIONATE	Not Approved	""	0.1208421262937164
ESR1	CADMIUM DICHLORIDE	Not Approved	""	0.02197129568976663
ESR1	GLYCITEIN	Not Approved	""	0.4833685051748659
ESR1	AMI-1	Not Approved	""	0.1611228350582886
ESR1	SELECTIVE ESTROGEN RECEPTOR MODULATOR TAS-108	Not Approved	""	0.2416842525874329
ESR1	VITAMIN A	Approved	""	0.00895126861434937
ESR1	CHF 4227	Not Approved	antiosteoporotic agent	0.1208421262937164
ESR1	APIGENIN	Approved	""	0.009295548176439732
ESR1	CAMPHOR OIL	Approved	""	0.08056141752914434
ESR1	LY2245461	Not Approved	""	0.1208421262937164
ESR1	TRIS(2,3-DIBROMOPROPYL)PHOSPHATE	Not Approved	""	0.08056141752914434
ESR1	MASOPROCOL	Approved	prostate cancer,antineoplastic agent	0.005142218140158149
ESR1	PALMITATE	Approved	""	0.1208421262937164
ESR1	CHEMBL:CHEMBL1432305	Not Approved	""	0.2416842525874329
ESR1	CHEMBL:CHEMBL354663	Not Approved	""	0.2416842525874329
ESR1	CHLORANIL	Not Approved	""	0.01611228350582886
ESR1	COMPOUND 14 [PMID: 34333981]	Not Approved	""	0.1208421262937164
ESR1	AMCENESTRANT	Not Approved	""	0.2416842525874329
ESR1	CUMENE HYDROPEROXIDE	Not Approved	""	0.08056141752914434
ESR1	BRILANESTRANT	Not Approved	""	0.7250527577622989
ESR1	DAUNORUBICIN HYDROCHLORIDE	Approved	""	0.007323765229922212
ESR1	DIENOGEST	Approved	contraceptive	0.1208421262937164
ESR1	CAPTAN	Not Approved	""	0.01859109635287946
ESR1	DOXORUBICIN HYDROCHLORIDE	Approved	antineoplastic agent	0.001633001706671844
ESR1	METHOXSALEN	Approved	""	0.02685380584304811
ESR1	PCC0105003	Not Approved	""	0.06042106314685824
ESR1	HYDROXYPROGESTERONE	Not Approved	""	0.08056141752914434
ESR1	CHLOROTRIANISENE	Approved	Hormone Replacement Agents	0.1933474020699463
ESR1	GENTIAN VIOLET CATION	Approved	""	0.0127202238203912
ESR1	4-METHYLBENZOIC ACID METHYL ESTER	Not Approved	""	0.2416842525874329
ESR1	GENISTEIN	Approved	""	0.008333939744394241
ESR1	OXYMETHOLONE	Approved	""	0.02685380584304811
ESR1	DOXYCYCLINE ANHYDROUS	Approved	""	0.02101602196412461
ESR1	METHYLTESTOSTERONE	Approved	for treatment of dysfunctional libido in women	0.04028070876457217
ESR1	MERCURIC CHLORIDE	Not Approved	""	0.01208421262937164
ESR1	GUGGULSTERONE	Not Approved	""	0.02685380584304811
ESR1	ENDOXIFEN	Not Approved	""	0.3222456701165773
ESR1	CHEMBL:CHEMBL85826	Not Approved	""	0.02685380584304811
ESR1	ZIRAM	Not Approved	""	0.01859109635287946
ESR1	ETHINYL ESTRADIOL	Approved	contraceptive	0.04833685051748659
ESR1	EXEMESTANE	Approved	antineoplastic agent	0.07552632893357282
ESR1	OXYTETRACYCLINE HYDROCHLORIDE	Approved	""	0.02685380584304811
ESR1	SULFENTRAZONE	Not Approved	""	0.2416842525874329
ESR1	TAS-108	Not Approved	antineoplastic agent	0.1208421262937164
ESR1	GLYBURIDE	Approved	Hypoglycemic Agents,antidiabetic	0.01666787948878848
ESR1	1-HYDROXY-6-(4-HYDROXY-PHENYL)-1-PHENYL-HEXAN-3-ONE (ENANTIOMERIC MIX)	Not Approved	""	0.4833685051748659
ESR1	DACTINOMYCIN	Approved	""	0.006905264359640943
ESR1	ZERANOL	Not Approved	""	0.03452632179820471
ESR1	NOMEGESTROL ACETATE	Not Approved	""	0.1208421262937164
ESR1	RALOXIFENE HYDROCHLORIDE	Approved	Hormone Replacement Agents	0.02900211031049195
ESR1	VINTAFOLIDE	Not Approved	""	0.1208421262937164
ESR1	CLOMIPHENE CITRATE	Approved	""	0.1208421262937164
ESR1	CHEMBL:CHEMBL329673	Not Approved	""	0.02197129568976663
ESR1	DOMIPHEN BROMIDE	Not Approved	""	0.03452632179820471
ESR1	CHEMBL:CHEMBL2313445	Not Approved	""	0.4833685051748659
ESR1	SR16234	Not Approved	""	0.2416842525874329
ESR1	CHEMBL:CHEMBL184450	Not Approved	""	0.01726316089910235
ESR1	PROPYLPYRAZOLETRIOL	Not Approved	""	0.02014035438228608
ESR1	ESTROGEN	Approved	for treatment of female sexual dysfunction,contraceptive,for symptomatic treatment of menopausal symptoms	0.2416842525874329
ESR1	ESTETROL	Approved	""	0.2416842525874329
ESR1	ETHINYLESTRADIOL/DROSPIRENONE/PRASTERONE	Not Approved	""	0.08056141752914434
ESR1	DOCETAXEL ANHYDROUS	Approved	antineoplastic agent	0.005823716929817663
ESR1	PROGESTERONE	Approved	for reducing the risk of pre-term birth for women with short cervix a mid-pregnancy,for prevention of preterm delivery,for symptomatic treatment of menopausal symptoms,neuroprotectant for stroke victims	0.008192686528387559
ESR1	BISPHENOL A	Not Approved	""	0.06042106314685824
ESR1	NORGESTREL	Approved	Synthetic,Oral,Contraceptives	0.08056141752914434
ESR1	BENZODODECINIUM CHLORIDE	Approved	""	0.1208421262937164
ESR1	TRIAMTERENE	Approved	Antihypertensive Agents; Diuretics	0.01342690292152405
ESR1	CATECHOL	Not Approved	""	0.01098564784488331
ESR1	DAIDZEIN	Not Approved	""	0.02544044764078241
ESR1	BAZEDOXIFENE	Approved	antiosteoporotic agent	0.09667370103497319
ESR1	ALFATRADIOL	Not Approved	""	0.1208421262937164
ESR1	TTC-352	Not Approved	""	0.2416842525874329
ESR1	ESTROGENS, CONJUGATED SYNTHETIC A	Approved	""	0.1208421262937164
CPB1	FADROZOLE	Not Approved	""	1.631368704965172
CPB1	OSILODROSTAT	Approved	""	4.350316546573794
CPB1	BAXDROSTAT	Not Approved	""	13.05094963972138
CPB1	METYRAPONE	Approved	Diagnostic Agents	2.610189927944276
TOP2A	DIGITOXIN	Approved	Anti-Arrhythmia Agents; Cardiotonic Agents	0.046966980259906
TOP2A	CHEMBL:CHEMBL596082	Not Approved	""	0.8923726249382141
TOP2A	NEMORUBICIN	Not Approved	""	0.446186312469107
TOP2A	CHEMBL:CHEMBL1080077	Not Approved	""	0.8923726249382141
TOP2A	TRICITRINOL B	Not Approved	""	0.8923726249382141
TOP2A	AMONAFIDE	Not Approved	antineoplastic agent	1.561652093641874
TOP2A	EPIRUBICIN	Approved	Antineoplastic Agents	0.06197032117626486
TOP2A	TAS-103	Not Approved	""	0.446186312469107
TOP2A	ELINAFIDE	Not Approved	""	0.8923726249382141
TOP2A	PEFLOXACIN	Approved	""	0.1115465781172767
TOP2A	FLEROXACIN	Not Approved	""	0.2230931562345535
TOP2A	VOSAROXIN	Not Approved	antineoplastic agent	0.6692794687036606
TOP2A	IDARUBICIN	Approved	Antineoplastic Agents	0.03718219270575892
TOP2A	GEPOTIDACIN	Not Approved	""	0.2230931562345535
TOP2A	SECAUBRYOLIDE	Not Approved	""	0.446186312469107
TOP2A	ELSAMITRUCIN	Not Approved	""	0.2230931562345535
TOP2A	CHEMBL:CHEMBL2332128	Not Approved	""	0.446186312469107
TOP2A	FISETIN	Not Approved	""	0.06864404807217032
TOP2A	GENISTEIN	Approved	""	0.01538573491272782
TOP2A	ROSOXACIN	Not Approved	""	0.446186312469107
TOP2A	DOXORUBICIN HYDROCHLORIDE	Approved	antineoplastic agent	0.0301477238154802
TOP2A	DAUNORUBICIN LIPOSOMAL	Approved	antineoplastic agent	0.02941887774521584
TOP2A	CAMPTOTHECIN	Approved	antineoplastic agent	0.0254963607125204
TOP2A	TENIPOSIDE	Approved	Antineoplastic Agents	0.2974575416460714
TOP2A	NOVOBIOCIN	Not Approved	""	0.08923726249382141
TOP2A	UNGEREMINE	Not Approved	""	0.8923726249382141
TOP2A	PAZUFLOXACIN	Not Approved	""	0.2230931562345535
TOP2A	DEXRAZOXANE	Approved	""	0.3569490499752856
TOP2A	ETOPOSIDE	Approved	Antineoplastic Agents	0.4077219751872875
TOP2A	CHEMBL:CHEMBL2023733	Not Approved	""	0.8923726249382141
TOP2A	TIRAPAZAMINE	Not Approved	""	0.1115465781172767
TOP2A	DACTINOMYCIN	Approved	""	0.0254963607125204
TOP2A	CHEMBL:CHEMBL594259	Not Approved	""	0.8923726249382141
TOP2A	CHEMBL:CHEMBL2171781	Not Approved	""	0.446186312469107
TOP2A	BECATECARIN	Not Approved	antineoplastic agent	0.2974575416460714
TOP2A	CAELYX	Not Approved	""	0.1115465781172767
TOP2A	PODOFILOX	Approved	Phytogenic; Keratolytic Agents,Antineoplastic Agents	0.05577328905863838
TOP2A	BROXURIDINE	Not Approved	""	0.07436438541151785
TOP2A	ANTHRACYCLINE ANTINEOPLASTIC ANTIBIOTIC	Not Approved	""	0.1487287708230357
TOP2A	FLUOROURACIL	Approved	""	0.007692867456363914
TOP2A	PIXANTRONE	Approved	""	0.8923726249382141
TOP2A	SIMOCYCLINONE D8	Not Approved	""	0.446186312469107
TOP2A	BETULIN	Not Approved	""	0.8923726249382141
TOP2A	CHEMBL:CHEMBL2171794	Not Approved	""	0.446186312469107
TOP2A	ACRIDINE CARBOXAMIDE	Not Approved	""	0.2230931562345535
TOP2A	ACLARUBICIN	Not Approved	""	0.1487287708230357
TOP2A	KAEMPFERITRIN	Not Approved	""	0.8923726249382141
TOP2A	CHEMBL:CHEMBL593570	Not Approved	""	0.8923726249382141
TOP2A	DANIQUIDONE	Not Approved	""	0.1487287708230357
TOP2A	DAUNORUBICIN CITRATE	Approved	""	0.446186312469107
TOP2A	AMRUBICIN	Not Approved	""	0.446186312469107
TOP2A	ETOPOSIDE PHOSPHATE	Approved	""	0.446186312469107
TOP2A	DEXRAZOXANE HYDROCHLORIDE	Approved	""	0.2230931562345535
TOP2A	DOXORUBICIN-MAGNETIC TARGETED CARRIER COMPLEX	Not Approved	""	0.446186312469107
TOP2A	DOXORUBICIN-HPMA CONJUGATE	Not Approved	""	0.446186312469107
TOP2A	LOMEFLOXACIN	Not Approved	""	0.2230931562345535
TOP2A	ELLIPTECINE	Not Approved	""	0.04182996679397879
TOP2A	AMSACRINE	Approved	""	0.3866948041398928
TOP2A	CHEMBL:CHEMBL2332126	Not Approved	""	0.446186312469107
TOP2A	CHEMBL:CHEMBL507986	Not Approved	""	0.8923726249382141
TOP2A	CHEMBL:CHEMBL1773343	Not Approved	""	0.8923726249382141
TOP2A	AMRUBICIN HYDROCHLORIDE	Not Approved	""	0.446186312469107
TOP2A	CHEMBL:CHEMBL594153	Not Approved	""	0.8923726249382141
TOP2A	LUPEOL	Not Approved	""	0.8923726249382141
TOP2A	GRC-6211	Not Approved	""	0.2230931562345535
TOP2A	LYCOBETAINE	Not Approved	""	0.2974575416460714
TOP2A	CHEMBL:CHEMBL2332127	Not Approved	""	0.446186312469107
TOP2A	HYDROQUINONE	Approved	""	0.05249250734930671
TOP2A	ENOXACIN	Approved	""	0.1487287708230357
TOP2A	VINCRISTINE	Approved	antineoplastic agent	0.01101694598689153
TOP2A	DEMETHYLZEYLASTERONE	Not Approved	""	0.8923726249382141
TOP2A	CINOXACIN	Approved	""	0.446186312469107
TOP2A	4'-O-ACETYLPATENTIFLORIN B	Not Approved	""	0.8923726249382141
TOP2A	MAKALUVAMINE E	Not Approved	""	0.8923726249382141
TOP2A	IDRONOXIL	Not Approved	antineoplastic agent	0.06374090178130101
TOP2A	DTS-201	Not Approved	antineoplastic agent	0.446186312469107
TOP2A	CHEMBL:CHEMBL594695	Not Approved	""	0.8923726249382141
TOP2A	TAFLUPOSIDE	Not Approved	""	0.2230931562345535
TOP2A	ANNAMYCIN LIPOSOMAL	Not Approved	""	0.446186312469107
TOP2A	DIAZIRINE	Not Approved	""	0.8923726249382141
TOP2A	MAKALUVAMINE A	Not Approved	""	0.8923726249382141
TOP2A	BERUBICIN	Not Approved	""	0.446186312469107
TOP2A	MAKALUVAMINE F	Not Approved	""	0.8923726249382141
TOP2A	ETOPOSIDE TONIRIBATE	Not Approved	antineoplastic agent	0.446186312469107
TOP2A	QUERCETIN	Approved	""	0.01694378401781419
TOP2A	CHEMBL:CHEMBL594257	Not Approved	""	0.8923726249382141
TOP2A	CHEMBL:CHEMBL607534	Not Approved	""	0.8923726249382141
TOP2A	DIPHYLLIN	Not Approved	""	0.2230931562345535
TOP2A	MITOXANTRONE HYDROCHLORIDE	Approved	""	0.01394332226465959
TOP2A	FRANGULIN B	Not Approved	""	0.8923726249382141
TOP2A	CHEMBL:CHEMBL594379	Not Approved	""	0.8923726249382141
TOP2A	CHEMBL:CHEMBL244268	Not Approved	""	0.8923726249382141
TOP2A	MYRICETIN	Not Approved	""	0.03346397343518303
TOP2A	13-DEOXYDOXORUBICIN	Not Approved	antineoplastic agent	0.446186312469107
TOP2A	LUCANTHONE	Not Approved	""	0.446186312469107
TOP2A	PYRAZOLOACRIDINE	Not Approved	""	0.2230931562345535
TOP2A	NALIDIXIC ACID	Approved	""	0.1115465781172767
TOP2A	FLUOROQUINOLONE ANTIBIOTIC	Not Approved	""	0.446186312469107
TOP2A	C-1311	Not Approved	antineoplastic agent	0.1784745249876428
TOP2A	OLEANDEROLIDE	Not Approved	""	0.8923726249382141
TOP2A	RTA 744	Not Approved	antineoplastic agent	0.2230931562345535
TOP2A	DOXORUBICIN-ELUTING BEADS	Not Approved	""	0.446186312469107
TOP2A	ADRIAMYCIN	Not Approved	""	0.046966980259906
TOP2A	L-377202	Not Approved	""	0.446186312469107
TOP2A	CARINATIN G	Not Approved	""	0.446186312469107
TOP2A	DAUNORUBICIN HYDROCHLORIDE	Approved	""	0.0135207973475487
TOP2A	BERUBICIN HYDROCHLORIDE	Not Approved	""	0.2230931562345535
TOP2A	SABARUBICIN	Not Approved	""	0.446186312469107
TOP2A	MAKALUVAMINE C TFA SALT	Not Approved	""	0.8923726249382141
TOP2A	GANCOTAMAB	Not Approved	""	0.2230931562345535
TOP2A	ALDOXORUBICIN	Not Approved	antineoplastic agent	1.338558937407321
TOP2A	MITOXANTRONE	Approved	antineoplastic agent	0.06084358806396915
TOP2A	VALRUBICIN	Approved	Antineoplastic Agents	0.8923726249382141
TOP2A	FLUOROQUINOLONE	Not Approved	""	0.446186312469107
TOP2A	PACLITAXEL	Approved	for treatment of peripheral arterial disease (PAD),DMARD,antiinflammatory agent,antineoplastic agent	0.00405623920426461
TOP2A	HURATOXIN	Not Approved	""	0.8923726249382141
TOP2A	CHEMBL:CHEMBL2171812	Not Approved	""	0.446186312469107
CYP2B6	IMATINIB	Approved	antineoplastic agent	0.02265789868007184
CYP2B6	SELEGILINE	Approved	antiparkinson agent,antidepressant	0.2447053057447759
CYP2B6	OSPEMIFENE	Approved	for treatment of postmenopausal vaginal atrophy	0.3262737409930346
CYP2B6	LEVAMISOLE	Approved	""	0.4078421762412932
CYP2B6	BUSULFAN	Approved	""	0.08586151078764068
CYP2B6	FENTANYL CITRATE	Approved	adjuvant to anesthesia,opioid,analgesic	0.02718947841608621
CYP2B6	MITOTANE	Approved	""	0.1812631894405747
CYP2B6	CHEMBL:CHEMBL530733	Not Approved	""	0.1165263360689409
CYP2B6	ARTEMETHER	Approved	""	0.3262737409930346
CYP2B6	TENOFOVIR	Approved	""	0.1165263360689409
CYP2B6	ARTEMOTIL	Approved	""	0.2039210881206466
CYP2B6	TAMOXIFEN	Approved	Hormonal,Antineoplastic Agents	0.02509798007638727
CYP2B6	ETHINYL ESTRADIOL	Approved	contraceptive	0.08156843524825864
CYP2B6	AMPHOTERICIN B LIPOSOMAL	Approved	""	0.1254899003819364
CYP2B6	PHENOBARBITAL	Approved	Anticonvulsants; Hypnotics and Sedatives	0.08586151078764068
CYP2B6	DESIPRAMINE	Approved	Tricyclic,Antidepressive Agents	0.02091498339698939
CYP2B6	POLY IC	Not Approved	""	0.4078421762412932
CYP2B6	CYCLOPHOSPHAMIDE ANHYDROUS	Approved	""	0.05035088595571521
CYP2B6	CLOPIDOGREL	Approved	antithrombotic,antiplatelet agent	0.02330526721378818
CYP2B6	O6-BENZYLGUANINE	Not Approved	""	0.8156843524825864
CYP2B6	IFOSFAMIDE	Approved	Antineoplastic Agents	0.1747895041034114
CYP2B6	RITONAVIR	Approved	""	0.06042106314685825
CYP2B6	RIFAMPIN	Approved	""	0.0873947520517057
CYP2B6	HYDROMORPHONE HYDROCHLORIDE	Approved	analgesic	0.0627449501909682
CYP2B6	EFAVIRENZ	Approved	""	0.1223526528723879
CYP2B6	ISONIAZID	Approved	""	0.1812631894405747
CYP2B6	ESMETHADONE	Not Approved	""	2.854895233689052
CYP2B6	GENISTEIN	Approved	""	0.02812704663733056
CYP2B6	OXYMORPHONE	Approved	analgesic	0.0741531229529624
CYP2B6	TYROSINE KINASE INHIBITOR	Not Approved	""	0.0627449501909682
CYP2B6	BUTYLATED HYDROXYTOLUENE	Approved	""	0.1812631894405747
CYP2B6	ARTEMISININ	Approved	""	0.2718947841608621
CYP2B6	OXYCODONE	Approved	analgesic	0.0627449501909682
CYP2B6	COTININE	Not Approved	""	0.4078421762412932
CYP2B6	SORAFENIB	Approved	antineoplastic agent	0.01418581482578411
CYP2B6	MEPERIDINE HYDROCHLORIDE	Approved	Opioid,Analgesics	0.2447053057447759
CYP2B6	PRASUGREL	Approved	antithrombotic	0.135947392080431
CYP2B6	ETHAMBUTOL HYDROCHLORIDE	Approved	""	0.4078421762412932
CYP2B6	VORICONAZOLE	Approved	""	0.135947392080431
CYP2B6	COLCHICINE	Approved	for treatment of gout	0.0313724750954841
CYP2B6	TESTOSTERONE	Approved	for treatment of female sexual dysfunction,hormone replacement	0.04182996679397879
CYP2B6	PYRAZINAMIDE	Approved	""	0.1254899003819364
CYP2B6	3,4-METHYLENEDIOXYMETHAMPHETAMINE	Not Approved	""	0.2966124918118496
CYP2B6	RECOMBINANT HEPATOCYTE GROWTH FACTOR	Not Approved	""	0.1631368704965173
CYP2B6	LEVONORGESTREL	Approved	for treatment of menopausal symptoms,contraceptive	0.2330526721378818
CYP2B6	DOXEPIN HYDROCHLORIDE	Approved	hypnotic,antimigraine agent	0.0185382807382406
CYP2B6	PAREGORIC	Approved	analgesic	0.01773226853223014
CYP2B6	HYDROCODONE	Approved	analgesic	0.05098027203016165
CYP2B6	THIOTEPA	Approved	""	0.2447053057447759
CYP2B6	CARBAMAZEPINE	Approved	for treatment of bipolar disorder	0.03329323887684026
CYP2B6	NEVIRAPINE	Approved	""	0.0741531229529624
CYP2B6	BICALUTAMIDE	Approved	antineoplastic agent	0.1631368704965173
CYP2B6	CLOMIPRAMINE	Approved	Tricyclic,Antidepressive Agents	0.02146537769691017
CYP2B6	METHADONE HYDROCHLORIDE	Approved	Opioid; Antitussive Agents,Analgesics	0.04798143249897567
CYP2B6	AFLATOXIN B1	Not Approved	""	2.447053057447759
CYP2B6	MEPHENYTOIN	Approved	Anticonvulsants	0.2039210881206466
CYP2B6	MIDAZOLAM HYDROCHLORIDE	Approved	Anesthesia; Hypnotics and Sedatives,Adjuvants	0.06797369604021554
CYP2B6	TICLOPIDINE	Approved	Platelet Aggregation Inhibitors	0.1882348505729045
CYP2B6	EMTRICITABINE/TENOFOVIR/EFAVIRENZ	Not Approved	""	0.8156843524825864
CYP2B6	TROFOSFAMIDE	Not Approved	""	1.631368704965172
CYP2B6	TRIMIPRAMINE	Approved	Tricyclic,Antidepressive Agents	0.02471770765098746
CYP2B6	SIBUTRAMINE	Not Approved	appetite suppressant	0.09063159472028738
CYP2B6	MONOAMINE OXIDASE INHIBITOR	Not Approved	""	0.02812704663733056
CYP2B6	METHOTREXATE	Approved	DMARD	0.007415312295296241
CYP2B7P	STAUROSPORINE	Not Approved	""	3.070811679934443
RARRES1	TRETINOIN	Approved	for treatment of acne	0.5736681160317091
PROM1	ICT-121 DENDRITIC CELL VACCINE	Not Approved	""	104.407597117771
FABP7	CRT 0066101	Not Approved	""	8.700633093147589
FABP7	BPKDI	Not Approved	""	8.700633093147589
PGR	LETROZOLE	Approved	antineoplastic agent	0.09207019146187924
PGR	GESTODENE	Approved	contraceptive	0.8286317231569131
PGR	CRIDANIMOD SODIUM	Not Approved	""	0.8286317231569131
PGR	FULVESTRANT	Approved	antineoplastic agent	0.06629053785255305
PGR	NOMEGESTROL	Approved	""	0.8286317231569131
PGR	RIBOCICLIB	Approved	antineoplastic agent	0.09207019146187924
PGR	ERIBULIN MESYLATE	Approved	""	0.06905264359640943
PGR	ETONOGESTREL	Approved	contraceptive	0.9943580677882957
PGR	DROSPIRENONE	Approved	contraceptive,hormone replacement	0.6214737923676849
PGR	PF-05019702	Not Approved	""	0.8286317231569131
PGR	NORGESTREL	Approved	Synthetic,Oral,Contraceptives	0.4143158615784565
PGR	ULIPRISTAL ACETATE	Approved	contraceptive	1.657263446313826
PGR	NORETHYNODREL	Approved	""	0.4143158615784565
PGR	NORELGESTROMIN	Approved	contraceptive	0.5524211487712755
PGR	MEGESTROL ACETATE	Approved	""	0.2071579307892282
PGR	NORGESTIMATE	Approved	Synthetic,Oral,Contraceptives	0.6629053785255304
PGR	VILAPRISAN	Not Approved	""	1.657263446313826
PGR	DIENOGEST	Approved	contraceptive	0.4143158615784565
PGR	ALLYLESTRENOL	Approved	""	0.2762105743856377
PGR	TELAPRISTONE	Not Approved	for treatment of uterin fibroids and endometriosis	1.657263446313826
PGR	TRASTUZUMAB	Approved	antineoplastic agent	0.06138012764125283
PGR	ETHINYLESTRADIOL/DROSPIRENONE/PRASTERONE	Not Approved	""	0.2762105743856377
PGR	ONAPRISTONE	Approved	""	0.4143158615784565
PGR	ETHYNODIOL DIACETATE	Approved	Synthetic,Oral,Contraceptives	0.8286317231569131
PGR	TOSAGESTIN	Not Approved	""	0.8286317231569131
PGR	DYDROGESTERONE	Approved	Antidysmennorheal Agents	0.8286317231569131
PGR	ANASTROZOLE	Approved	antineoplastic agent	0.127481803562602
PGR	PROGESTIN	Approved	contraceptive	0.07533015665062848
PGR	PROGESTERONE	Approved	for reducing the risk of pre-term birth for women with short cervix a mid-pregnancy,for prevention of preterm delivery,for symptomatic treatment of menopausal symptoms,neuroprotectant for stroke victims	0.0842676328634149
PGR	ESTRADIOL VALERATE/DIENOGEST	Not Approved	""	0.8286317231569131
PGR	MEGESTROL	Approved	Hormonal; Contraceptives,Antineoplastic Agents	1.242947584735369
PGR	IXABEPILONE	Approved	antineoplastic agent	0.07533015665062848
PGR	MEDROXYPROGESTERONE	Approved	""	0.3551278813529628
PGR	SEGESTERONE ACETATE	Approved	""	0.8286317231569131
PGR	HYDROXYPROGESTERONE CAPROATE (USP)	Approved	""	0.2071579307892282
PGR	CHLORMADINONE ACETATE	Approved	""	0.2762105743856377
PGR	PALBOCICLIB	Approved	""	0.01624768084621398
PGR	TRIMEGESTONE	Not Approved	""	0.8286317231569131
PGR	SIROLIMUS	Approved	for treatment of wet age-related macular degeneration,immunosuppressant	0.02857350769506596
PGR	ASOPRISNIL	Not Approved	""	0.4143158615784565
PGR	MEDROXYPROGESTERONE ACETATE	Approved	""	0.0828631723156913
PGR	LEVONORGESTREL	Approved	for treatment of menopausal symptoms,contraceptive	0.4735038418039504
PGR	TAMOXIFEN	Approved	Hormonal,Antineoplastic Agents	0.06374090178130101
PGR	NORETHINDRONE	Approved	Synthetic,Oral,Contraceptives,contraceptive	0.3314526892627652
PGR	NOMEGESTROL ACETATE	Not Approved	""	0.4143158615784565
PGR	LONAPRISAN	Not Approved	""	0.8286317231569131
PGR	ABEMACICLIB	Approved	""	0.04361219595562701
PGR	DANAZOL	Approved	Antineoplastic Agent,Antiendometriosis Agent	0.05178948269730707
PGR	NERATINIB	Approved	antineoplastic agent	0.110484229754255
PGR	TOREMIFENE	Approved	SERM,antineoplastic agent	0.127481803562602
PGR	MIFEPRISTONE	Approved	antidepressant,antipsychotic,for lowering intraocular pressure,opthalmological agent	0.0887819703382407
PGR	DOCETAXEL ANHYDROUS	Approved	antineoplastic agent	0.01996702947366056
PGR	DESOGESTREL	Approved	Oral,Contraceptives	0.8286317231569131
PGR	EXEMESTANE	Approved	antineoplastic agent	0.1035789653946141
PGR	OLAPARIB	Approved	""	0.03602746622421362
PGR	NORETHINDRONE ACETATE	Approved	""	0.1381052871928188
PGR	GOSERELIN ACETATE	Approved	Hormonal,Antineoplastic Agents	0.1841403829237584
PGR	CHEMBL:CHEMBL2059711	Not Approved	""	0.5524211487712755
PGR	CYPROTERONE ACETATE	Approved	""	0.1183759604509876
PGR	TELAPRISTONE ACETATE	Not Approved	""	0.8286317231569131
PGR	PROGESTOGEN	Approved	for treatment of female sexual dysfunction,contraceptive	0.8286317231569131
PGR	PERTUZUMAB	Approved	antineoplastic agent	0.2071579307892282
PGR	LAPATINIB	Approved	antineoplastic agent	0.05346011117141375
RRM2	MOTEXAFIN GADOLINIUM	Not Approved	antineoplastic agent	1.147336232063418
RRM2	FLUDARABINE	Approved	antineoplastic agent	0.1181081415359401
RRM2	LY-2334737	Not Approved	""	4.015676812221964
RRM2	CLADRIBINE	Approved	""	0.5354235749629286
RRM2	GEMCITABINE	Approved	antineoplastic agent	0.1309459830072379
RRM2	TRIAPINE	Not Approved	antineoplastic agent	3.011757609166473
RRM2	TEZACITABINE	Not Approved	""	1.003919203055491
RRM2	TRANSFERRIN RECEPTOR-TARGETED ANTI-RRM2 SIRNA CALAA-01	Not Approved	""	2.007838406110982
RRM2	CYTARABINE	Approved	antineoplastic agent	0.1003919203055491
RRM2	CLOFARABINE	Approved	antineoplastic agent	0.211351411169577
RRM2	GEMCITABINE ELAIDATE	Not Approved	""	4.015676812221964
RRM2	GALLIUM NITRATE	Approved	""	0.5736681160317092
RRM2	HYDROXYUREA	Approved	Antineoplastic Agents	0.3824454106878061
MELK	LINIFANIB	Not Approved	antineoplastic agent	0.03262737409930345
MELK	DOVITINIB	Not Approved	antineoplastic agent	0.02584346463311165
MELK	SB220025	Not Approved	""	0.08419967509497665
MELK	OTSSP167	Not Approved	""	5.220379855888553
MELK	RG-1530	Not Approved	""	0.02776797795685401
MELK	MLN-8054	Not Approved	antineoplastic agent	0.0900065492394578
MELK	AST-487	Not Approved	""	0.06366316897425064
MELK	BMS-387032	Not Approved	""	0.1535405839967221
MELK	ILORASERTIB	Not Approved	""	0.02250163730986445
MELK	SNS-314	Not Approved	antineoplastic agent	0.06214737923676848
MELK	NVP-TAE684	Not Approved	""	0.02534164978586676
MELK	CENISERTIB	Not Approved	antineoplastic agent	0.02212025362664641
MELK	CC-401	Not Approved	""	2.610189927944276
MELK	SP-600125	Not Approved	""	0.02932797671847502
MELK	PF-562271	Not Approved	""	0.0241684252587433
MELK	JNJ-7706621	Not Approved	""	0.04745799868989594
MELK	GW843682X	Not Approved	""	0.06692794687036606
MELK	TOZASERTIB	Not Approved	antineoplastic agent	0.03575602641019557
MELK	PP2	Not Approved	""	0.08700633093147589
MELK	MELK-TI	Not Approved	""	0.6525474819860692
FOSB	ODANACATIB	Not Approved	""	17.40126618629517
MMP7	RS 39066	Not Approved	""	7.457685508412219
MMP7	SL422	Not Approved	""	1.242947584735369
MMP7	DOXYCYCLINE ANHYDROUS	Approved	""	0.6484943920358451
MMP7	MARIMASTAT	Not Approved	Antineoplastic Agents	1.491537101682444
MMP7	ILOMASTAT	Not Approved	""	0.2983074203364887
MMP7	DOXYCYCLINE CALCIUM	Approved	""	1.864421377103054
MMP7	PRINOMASTAT	Not Approved	""	1.065383644058888
NAT1	MESALAMINE	Approved	for treatment of ulcerative proctitis,for treatment of ulcerative colitis,antiinflammatory agent	0.1318277741385998
NAT1	THIOGUANINE	Approved	""	0.08788518275906655
NAT1	RS 39604	Not Approved	""	0.725052757762299
NAT1	5-MEOT	Not Approved	""	0.1611228350582886
NAT1	PIBOSEROD	Not Approved	""	0.483368505174866
NAT1	RENZAPRIDE	Not Approved	for treatment of irritable bowel syndrome	0.1450105515524598
NAT1	ZACOPRIDE	Not Approved	""	1.450105515524598
NAT1	MOSAPRIDE	Not Approved	for treatment of Gastrointestinal reflux disease (GERD)	0.2071579307892283
NAT1	&ALPHA;-METHYL-5-HT	Not Approved	""	0.2071579307892283
NAT1	CAPESEROD	Not Approved	""	0.1450105515524598
NAT1	RS 67333	Not Approved	""	1.450105515524598
NAT1	VILAZODONE HYDROCHLORIDE	Approved	antidepressant	0.1450105515524598
NAT1	SB 204070	Not Approved	""	0.3625263788811495
NAT1	GR 125487	Not Approved	""	1.450105515524598
NAT1	GR 113808	Not Approved	""	0.725052757762299
NAT1	VELUSETRAG	Not Approved	""	1.450105515524598
NAT1	DAU 6285	Not Approved	""	1.450105515524598
NAT1	[3H]GR 113808	Not Approved	""	1.450105515524598
NAT1	SB 203186	Not Approved	""	0.483368505174866
NAT1	COTININE	Not Approved	""	0.483368505174866
NAT1	ASPIRIN	Approved	NSAID	0.03258664079830558
NAT1	ML 10375	Not Approved	""	1.450105515524598
NAT1	BIMU 1	Not Approved	""	0.483368505174866
NAT1	5-HYDROXYTRYPTAMINE	Not Approved	""	0.09667370103497322
NAT1	RS 100235	Not Approved	""	1.450105515524598
NAT1	BIMU 8	Not Approved	""	1.450105515524598
NAT1	TD-8954	Not Approved	""	0.725052757762299
NAT1	TROPISETRON	Approved	""	0.09667370103497322
NAT1	SB 207710	Not Approved	""	0.483368505174866
NAT1	[11C]SB207145	Not Approved	""	1.450105515524598
NAT1	RELENOPRIDE	Not Approved	""	0.3625263788811495
NAT1	ML 10302	Not Approved	""	0.3625263788811495
NAT1	TEGASEROD	Approved	motilitant	0.483368505174866
NAT1	PF-04995274	Not Approved	""	1.450105515524598
NAT1	PRUCALOPRIDE	Approved	motilitant	0.725052757762299
NAT1	CISAPRIDE	Approved	Parasympathomimetics	0.2071579307892283
RET	SUNITINIB	Approved	antineoplastic agent	0.3978948060890666
RET	CYC-116	Not Approved	""	0.0065632132963145
RET	HISTONE DEACETYLASE INHIBITOR	Not Approved	""	0.1414737088316681
RET	RET INHIBITOR APS03118	Not Approved	""	0.6366316897425065
RET	SELPERCATINIB	Approved	""	5.411369362811306
RET	GW441756X	Not Approved	""	0.009794333688346254
RET	PONATINIB	Approved	antineoplastic agent	0.2448583422086564
RET	TOZASERTIB	Not Approved	antineoplastic agent	0.01744196410253442
RET	TYROSINE KINASE INHIBITOR	Not Approved	""	0.04897166844173127
RET	VANDETANIB	Approved	antineoplastic agent	0.450032746197289
RET	VOLASERTIB	Not Approved	""	0.2546526758970026
RET	CEP-2563 DIHYDROCHLORIDE	Not Approved	""	0.0374489229260298
RET	BARASERTIB-HQPA	Not Approved	""	0.0276796386844568
RET	ENBEZOTINIB	Not Approved	""	0.6366316897425065
RET	PD-0166285	Not Approved	""	0.01224291711043281
RET	ENMD-2076	Not Approved	antineoplastic agent	0.02053650612072601
RET	DEXAMETHASONE	Approved	for treatment of Meniere's disease,glucocorticoid,antiinflammatory agent	0.01497956917041191
RET	AT9283	Not Approved	antineoplastic agent	0.05787560815840969
RET	RECOMBINANT CHEMOKINE	Not Approved	""	0.106105281623751
RET	BARASERTIB	Not Approved	""	0.04897166844173127
RET	CENISERTIB	Not Approved	antineoplastic agent	0.005395183811377174
RET	RET INHIBITOR TY-1091	Not Approved	""	0.6366316897425065
RET	AZD1480	Not Approved	""	0.1591579224356266
RET	RG-1530	Not Approved	""	0.006772677550452197
RET	NINTEDANIB ESYLATE	Approved	antineoplastic agent	0.02546526758970026
RET	AST-487	Not Approved	""	0.04658280656652486
RET	LAPATINIB	Approved	antineoplastic agent	0.02053650612072601
RET	PRALSETINIB	Approved	""	2.000842453476449
RET	REGORAFENIB	Approved	antineoplastic agent	0.1350430857029559
RET	CHEMBL:CHEMBL546797	Not Approved	""	0.01989474030445332
RET	ZM447439	Not Approved	""	0.03350693103907929
RET	CEDIRANIB	Not Approved	antineoplastic agent	0.01136842303111618
RET	JNJ-7706621	Not Approved	""	0.01157512163168193
RET	ALECTINIB HYDROCHLORIDE	Approved	""	0.2122105632475021
RET	MITOQUINONE MESYLATE	Not Approved	""	1.273263379485013
RET	CHEMBL:CHEMBL1997335	Not Approved	""	0.01515789737482158
RET	ENTRECTINIB	Approved	""	0.01116897701302643
RET	MOTESANIB	Not Approved	antineoplastic agent	0.2315024326336387
RET	TANESPIMYCIN	Not Approved	antineoplastic agent	0.09794333688346255
RET	PAZOPANIB	Approved	antineoplastic agent	0.01116897701302643
RET	RET INHIBITOR SY-5007	Not Approved	""	1.273263379485013
RET	ERLOTINIB	Approved	antineoplastic agent	0.01136842303111618
RET	IMATINIB	Approved	antineoplastic agent	0.03536842720791702
RET	DOVITINIB	Not Approved	antineoplastic agent	0.025213136227426
RET	NVP-TAE684	Not Approved	""	0.006180890191674821
RET	ALISERTIB	Not Approved	antineoplastic agent	0.01326316020296888
RET	TRAMETINIB DIMETHYL SULFOXIDE	Approved	antineoplastic agent	0.02709071020180879
RET	LESTAURTINIB	Not Approved	antineoplastic agent	0.05305264081187554
RET	RET INHIBITOR FHND5071	Not Approved	""	0.6366316897425065
RET	AGERAFENIB	Not Approved	""	0.2546526758970026
RET	OMIPALISIB	Not Approved	""	0.06366316897425064
RET	PALBOCICLIB	Approved	""	0.01248297430867659
RET	PF-562271	Not Approved	""	0.005894737867986171
RET	CP-547632	Not Approved	""	0.01446890203960242
RET	GSK-3179106	Not Approved	""	0.6366316897425065
RET	TETRADECANOYLPHORBOL ACETATE	Not Approved	""	0.0276796386844568
RET	ILORASERTIB	Not Approved	""	0.005488204221918159
RET	AGERAFENIB	Not Approved	""	0.8488422529900087
RET	TRETINOIN	Approved	for treatment of acne	0.01399190526906607
RET	SP-600125	Not Approved	""	0.007153165053286591
RET	SITRAVATINIB	Not Approved	""	0.03978948060890665
RET	QUIZARTINIB	Approved	antineoplastic agent	0.03350693103907929
RET	RET INHIBITOR EP0031	Not Approved	""	0.6366316897425065
RET	JAK2 INHIBITOR AZD1480	Not Approved	""	0.6366316897425065
RET	SB220025	Not Approved	""	0.02053650612072601
RET	SNS-314	Not Approved	antineoplastic agent	0.01515789737482158
RET	EVEROLIMUS	Approved	immunosuppressant	0.0748978458520596
RET	AMUVATINIB	Not Approved	antineoplastic agent	0.2728421527467885
RET	GENISTEIN	Approved	""	0.02195281688767263
RET	SAPANISERTIB	Approved	antineoplastic agent	0.0276796386844568
RET	LINIFANIB	Not Approved	antineoplastic agent	0.01591579224356266
RET	CABOZANTINIB S-MALATE	Approved	antineoplastic agent	0.5208804734256872
RET	SORAFENIB	Approved	antineoplastic agent	0.0719670605795877
RET	HESPERADIN	Not Approved	""	0.01591579224356266
RET	ALECTINIB	Approved	""	0.1909895069227519
RET	LENVATINIB	Approved	antineoplastic agent	0.1340277241563171
RET	VEPAFESTINIB	Not Approved	""	1.273263379485013
RET	NERVE GROWTH FACTOR	Not Approved	""	0.106105281623751
RET	RET INHIBITOR HS-10365	Not Approved	""	0.6366316897425065
RET	ROMIPLOSTIM	Approved	for treatment of thrombocytopenia	0.07957896121781331
RET	TAMATINIB	Not Approved	""	0.01571930098129646
RET	BOS-589	Not Approved	""	0.6366316897425065
GFRA1	LIATERMIN	Not Approved	""	13.05094963972138
GFRA1	ANTISENSE OLIGONUCLEOTIDES	Not Approved	""	1.581933289663198
ACTA2	AZD2423	Not Approved	""	0.790966644831599
ACTA2	CCL8	Not Approved	""	0.3163866579326396
ACTA2	CCL2	Not Approved	""	0.5273110965543993
ACTA2	JNJ-27141491	Not Approved	""	1.581933289663198
ACTA2	HIV-TAT	Not Approved	""	0.5273110965543993
ACTA2	RS-136270	Not Approved	""	1.581933289663198
ACTA2	BMS-741672	Not Approved	""	0.5273110965543993
ACTA2	GSK COMPOUND 34	Not Approved	""	1.581933289663198
ACTA2	CCL16	Not Approved	""	0.5273110965543993
ACTA2	PLOZALIZUMAB	Not Approved	DMARD,antiinflammatory agent	0.790966644831599
ACTA2	BMS-681	Not Approved	""	0.790966644831599
ACTA2	BMS-753426	Not Approved	""	0.790966644831599
ACTA2	[125I]CCL2 (HUMAN)	Not Approved	""	0.790966644831599
ACTA2	INCB8761	Not Approved	""	1.581933289663198
ACTA2	PF-04634817	Not Approved	""	1.581933289663198
ACTA2	MC148R	Not Approved	""	1.581933289663198
ACTA2	TAK-779	Not Approved	""	0.5273110965543993
ACTA2	CCL13	Not Approved	""	0.3163866579326396
ACTA2	CCL26	Not Approved	""	0.790966644831599
ACTA2	TEIJIN-LEAD_CMP_5	Not Approved	""	1.581933289663198
ACTA2	CCL11	Not Approved	""	0.3954833224157995
ACTA2	RS-102895	Not Approved	""	1.581933289663198
ACTA2	ILACIRNON	Not Approved	antidiabetic,antiinflammatory agent	0.790966644831599
ACTA2	CCR2-RA-[R]	Not Approved	""	1.581933289663198
ACTA2	VCCL4	Not Approved	""	1.581933289663198
ACTA2	COMPOUND 39 [PMID: 31742400]	Not Approved	""	0.790966644831599
ACTA2	VMIP-II	Not Approved	""	0.3163866579326396
ACTA2	RS-504393	Not Approved	""	0.5273110965543993
ACTA2	SB-282241	Not Approved	""	1.581933289663198
ACTA2	CCL24	Not Approved	""	0.790966644831599
ACTA2	CCL7	Not Approved	""	0.3163866579326396
ACTA2	INCB3284	Not Approved	""	1.581933289663198
ACTA2	[125I]CCL7 (HUMAN)	Not Approved	""	0.5273110965543993
MMP1	LEFLUNOMIDE	Approved	Antirheumatic Agents	0.4350316546573794
MMP1	THERAPEUTIC GLUCOCORTICOID	Not Approved	""	0.1535405839967221
MMP1	COLLAGENASE CLOSTRIDIUM HISTOLYTICUM	Approved	for treatment of Dupuytren's contracture	0.09322106885515274
MMP1	MARIMASTAT	Not Approved	Antineoplastic Agents	0.1740126618629517
MMP1	REBIMASTAT	Not Approved	""	0.4350316546573794
MMP1	HYDROCORTISONE BUTYRATE	Approved	""	0.1242947584735369
MMP1	DOXYCYCLINE CALCIUM	Approved	""	0.6525474819860692
MMP1	MEDROXYPROGESTERONE	Approved	""	0.745768550841222
MMP1	INTERFERON BETA	Approved	antiasthmatic agent,for treatment of multiple sclerosis	1.305094963972138
MMP1	DOXYCYCLINE ANHYDROUS	Approved	""	0.1134865186062729
MMP1	COBALT	Not Approved	""	0.4745799868989594
MMP1	VITAMIN E	Approved	""	0.4894106114895518
MMP1	PENTOSAN POLYSULFATE SODIUM	Not Approved	""	2.610189927944276
MMP1	LAMIVUDINE	Approved	""	0.2175158273286897
MMP1	SIROLIMUS	Approved	for treatment of wet age-related macular degeneration,immunosuppressant	0.0900065492394578
MMP1	LEUPROLIDE ACETATE	Approved	for treatment of Alzheimer's disease,for treatment of endometriosis,antineoplastic agent	0.5220379855888553
MMP1	TYROSINE KINASE INHIBITOR	Not Approved	""	0.2007838406110982
MMP1	RIBAVIRIN	Approved	""	0.137378417260225
MMP1	TRIAMCINOLONE	Approved	for treatment of diabetic macular edema	0.2269730372125458
MMP1	IMMUNOSUPPRESSANT	Not Approved	""	0.2900211031049196
NEK2	CHEMBL:CHEMBL1997335	Not Approved	""	0.08286317231569132
NEK2	DOVITINIB	Not Approved	antineoplastic agent	0.03445795284414886
NEK2	ILORASERTIB	Not Approved	""	0.03000218307981926
NEK2	HESPERADIN	Not Approved	""	0.08700633093147588
NEK2	GW441756X	Not Approved	""	0.05354235749629285
NEK2	SP-600125	Not Approved	""	0.03910396895796669
NEK2	ADAVOSERTIB	Not Approved	antineoplastic agent	0.1242947584735369
NEK2	CENISERTIB	Not Approved	antineoplastic agent	0.02949367150219521
NEK2	GW843682X	Not Approved	""	0.08923726249382141
NEK2	DACTOLISIB	Not Approved	""	0.07250527577622991
NEK2	TAMATINIB	Not Approved	""	0.04296608934887698
NEK2	PAZOPANIB	Approved	antineoplastic agent	0.06105707433787782
NEK2	PALBOCICLIB	Approved	""	0.06824025955409872
NEK2	NVP-TAE684	Not Approved	""	0.03378886638115568
NEK2	CYC-116	Not Approved	""	0.03587889935318593
MPPED2	DECAVANADATE	Not Approved	""	2.088151942355421
MPPED2	ADENOPHOSTIN A	Not Approved	""	5.220379855888553
MPPED2	IP3	Not Approved	""	3.480253237259035
MPPED2	CA2+	Not Approved	""	0.2610189927944276
MPPED2	INOSITOL 2,4,5-TRISPHOSPHATE	Not Approved	""	5.220379855888553
